<?xml version="1.0" encoding="UTF-8"?>
<application xmlns:xsi="http://www.w3.org/2001/XMLSchema-instance" xmlns="http://xmlns.jcp.org/xml/ns/javaee" xsi:schemaLocation="http://xmlns.jcp.org/xml/ns/javaee http://xmlns.jcp.org/xml/ns/javaee/application_7.xsd" id="Application_ID" version="7">
  <display-name>TestTeleworkEAR</display-name>
  <module>
    <ejb>TestTeleworkEJB.jar</ejb>
  </module>
  <module>
    <web>
      <web-uri>TestTeleworkWEB.war</web-uri>
      <context-root>TestTeleworkWEB</context-root>
    </web>
  </module>
</application>